study,subject_nr,gender,age,race,condition,bp_ts,ba_ts,bp_rec,ba_rec,bp_tj,ba_tj,feel_ts,feel_tj,avoid_ts,avoid_tj,EQ_mean
1,1,Female,21,White,bp_rec,1,0,0,1,0,0,4,4,NA,1,NA
1,3,Female,20,White,ba_tj,0.5,0.5,1,1,1.17,1.17,5,2,1,1,3.343434343
1,4,Female,19,White,ba_rec,1,0.25,0.5,0.5,0.5,0,3,2,1,1,2.560606061
1,5,Female,20,White,ba_rec,0.25,0.67,0.67,0.67,1,0,2,5,1,3,2.045454545
1,6,Female,18,White,bp_ts,1,1,1,1,0,0,4,4,1,1,2.560606061
1,7,Male,18,White,ba_tj,1,0.5,0.17,0.17,0.17,0.17,2,2,3,1,2.621212121
1,8,Female,21,Asian,ba_ts,0.5,0.5,0.75,0.5,1,0.5,3,5,1,1,3.787878788
1,9,Female,19,White,ba_rec,0,0,0,0,0,0,6,4,1,1,3.287878788
1,10,Male,19,White,ba_rec,1,0,0.17,0,1,0,3,4,3,4,2.484848485
1,11,Female,19,White,ba_ts,NA,1,0,0,0,0,2,2,3,1,2.277777778
1,13,Female,20,White,ba_rec,0,0,0,0,0.17,0.17,4,1,5,1,2.883838384
1,14,Female,18,White,ba_ts,0,0,0,0.17,0,0.17,5,3,1,1,4.050505051
1,15,Female,18,White,ba_rec,0.25,0.25,0,0,0,0,2,3,3,1,1.358585859
1,16,Female,19,White,bp_ts,0.5,0.25,0.17,0,0,0,4,3,1,1,3.242424242
1,17,Female,19,White,bp_rec,1,1,0.77,0,1,1,1,1,1,1,2.121212121
1,18,Female,20,Asian,ba_tj,1,1,1,1,1,1,4,6,1,4,2.181818182
1,19,Female,19,White,bp_tj,1,0.5,1,0.5,1,1,5,4,2,1,2.772727273
1,20,Male,18,Hispanic,bp_ts,0,0,0,0,0,0,6,6,5,5,1.888888889
1,21,Female,19,"1,5",ba_tj,0,0,0.17,0,0.17,0.17,5,3,1,1,2.217171717
1,22,Female,18,White,bp_rec,0.5,0.5,0,0,0.5,1,4,1,1,1,2.515151515
1,23,Female,20,White,ba_ts,0.25,0,1,0,0,0,5,3,3,1,2.737373737
1,24,Female,22,White,bp_tj,0,0,0,0,0,0,5,2,1,1,2.146464646
1,25,Female,20,Asian,ba_rec,0.25,0,1,0,0,0,6,4,4,1,2.97979798
1,26,Female,19,White,ba_rec,0.5,0.5,0.5,0,1.17,0.17,1,2,1,1,1.909090909
1,27,Female,18,White,bp_tj,0.25,0,0,0,0.17,0.17,3,3,3,1,3.292929293
1,28,Female,19,White,bp_rec,1,0.5,1,0.75,0.17,0.75,5,2,1,1,3.282828283
1,29,Female,21,White,ba_ts,0.5,0.25,1,0.17,1,0.5,5,3,3,1,3.049494949
1,30,Female,35,"1,4",ba_tj,1,1,1,1,1,1,1,2,1,1,2.606060606
1,31,Female,18,White,bp_ts,0,1,0,0,1,1,4,5,3,1,2.787878788
1,32,Female,21,White,ba_rec,0.5,1,1,1,0,0,4,2,1,1,2.676767677
1,33,Female,20,Hispanic,ba_ts,0,0,0,0,0,0,4,4,1,1,3.494949495
1,34,Female,18,White,bp_rec,1,1,2,2,1.27,1.27,4,4,2,2,3.176767677
1,35,Female,19,White,bp_tj,0,0,0,0,0,0,5,5,4,4,2.287878788
1,36,Female,18,White,ba_tj,0.5,0.5,1.17,1.17,1.17,1.17,3,3,1,2,2.621212121
1,37,Male,19,Asian,bp_ts,0.5,0,0.5,0,1,0.5,2,2,4,5,2.393939394
1,38,Female,18,White,ba_rec,0.25,0.25,1,0.57,1,0,2,4,3,1,3.893939394
1,39,Female,20,White,bp_rec,0,0,0,0,0.17,0.17,5,3,3,1,2.843434343
1,40,Female,21,White,ba_ts,0.25,0.25,1,1,0,0,2,5,3,5,2.848484848
1,42,Female,19,White,ba_tj,1,0,1,1,0,1,5,5,3,3,2.429292929
1,43,Female,18,Asian,bp_tj,0.25,0,0,0,0,0,5,4,3,1,3.570707071
1,44,Female,22,White,bp_ts,0.25,0.25,0.17,0.17,1,0.17,3,3,1,2,2.888888889
1,45,Female,20,White,ba_ts,0.25,0,0,0,0.17,0.17,4,3,1,3,2.45959596
1,46,Female,19,White,ba_rec,1,1,1,1,0.17,0.17,2,2,1,1,2.601010101
1,47,Female,20,White,ba_tj,1,1,1,0,1,1,1,1,1,1,1.606060606
1,48,Male,18,White,bp_ts,0.25,0,0.5,0,0.5,0,6,5,4,3,2.51010101
1,49,Female,23,White,bp_tj,0.5,0.5,0,0,0.5,0.5,3,2,1,1,3.060606061
1,50,Female,18,Asian,bp_rec,1,1,1,1,1,1,4,1,1,1,2.833333333
1,51,Female,18,White,ba_rec,0,0,1,0,0.5,0,3,1,1,3,2.282828283
1,52,Female,20,White,ba_tj,0.5,0,0,0,1,1,4,4,1,1,2.732323232
1,53,Female,20,White,bp_tj,0.5,0.5,0.27,0.27,0.27,0.27,3,3,1,2,1.878787879
1,54,Female,20,White,bp_rec,0,0,0,0,0.25,0,4,4,1,1,2.257575758
1,55,Male,21,White,ba_ts,0.5,0.5,0.38,0.38,0.38,0.38,5,2,3,1,3.51010101
1,56,Male,20,White,bp_ts,0.5,0.5,0.5,0.5,0.5,0.5,4,4,1,1,3.202020202
1,57,Male,19,White,ba_rec,0.5,0.5,0.5,0,0.17,0.17,3,2,1,1,2.868686869
1,58,Male,21,White,bp_ts,0.25,0.25,0,0,0.17,0,5,4,3,1,3.323232323
1,59,Female,20,Asian,bp_tj,1,0.25,2.17,1,1,0,3,3,3,5,2.152525253
1,60,Male,19,Asian,bp_rec,1.17,1.17,1.17,1.17,1.17,1.17,2,4,1,1,3.439393939
1,61,Female,18,White,ba_tj,0.25,0,0,0,0,0,4,4,5,1,1.515151515
1,62,Female,18,White,ba_ts,0,0,0,0,0,0,4,4,3,1,2.171717172
1,63,Female,19,White,ba_rec,0,0,1,1,0.5,0,4,4,1,2,2.262626263
1,64,Female,18,White,bp_ts,0.25,0.25,0.25,0.17,0.17,0.17,4,1,1,1,3.035353535
1,65,Female,19,White,ba_ts,0.5,0.5,0.5,0.5,0.5,0.5,2,3,3,3,2.45959596
1,66,Male,19,White,bp_tj,0.25,0,0,0,0.17,0.17,4,5,1,3,2.565656566
1,67,Female,18,Hispanic,bp_rec,1,1,0,0,1,0,5,4,2,2,2.772727273
1,68,Male,21,White,ba_tj,1,0.5,0,1,0,1.5,2,5,1,1,2.611111111
1,69,Male,20,White,ba_tj,0.5,0.25,0.17,0.17,0.17,0.17,2,2,1,1,2.954545455
1,70,Male,18,White,ba_ts,0,0,0,0,0.17,0.17,3,2,1,1,3.242424242
1,71,Male,18,"1,2",ba_rec,0.5,0.5,0.5,0.5,0.5,0.5,3,2,1,3,3.595959596
1,72,Female,19,Hispanic,bp_tj,1,1,1,1,1,1,2,2,1,1,2.373737374
1,73,Female,21,White,bp_ts,0.5,0.5,0.5,0.17,0.17,0.17,1,2,2,3,2.909090909
1,74,Female,21,White,bp_rec,0.5,0.5,1,0,0.27,0,3,6,1,1,2.429292929
1,75,Female,20,White,bp_tj,NA,0.25,0,0,0,0,5,NA,2,NA,2.954545455
1,76,Male,29,White,ba_tj,0.5,0.5,0.5,0.5,0.5,0.5,1,1,1,1,3.555555556
1,77,Male,21,White,bp_ts,0.5,NA,0,0.17,0,0.17,4,4,3,3,3.323232323
1,78,Female,22,Asian,bp_rec,0.25,0.25,1,0,0,0,3,4,3,5,3.48989899
1,79,Female,19,Hispanic,ba_ts,0.5,0.5,0.5,0.5,1,1,4,4,3,1,2.570707071
1,80,Female,20,White,ba_rec,0,0,0,0,0.5,0,3,4,2,1,4.282828283
1,81,Female,20,White,ba_tj,1,1,1,1,1,1,1,4,2,3,3.247474747
1,82,Female,18,White,ba_ts,0,0,0,0,1,0,3,3,1,1,2.873737374
1,83,Male,18,White,ba_rec,1,0.5,1,1,1,1,5,4,3,5,2.934343434
1,84,Female,17,White,bp_tj,0,0,0,0,0.5,0,5,2,4,1,1.949494949
1,85,Female,19,White,bp_ts,0.25,0.25,0,0,0,0,5,3,4,5,3.070707071
1,86,Female,18,White,bp_rec,1,1,1,1,1,1,2,2,1,1,2.03030303
1,87,Female,20,"1,5",bp_tj,1,1,1,1,0.17,0.17,4,4,1,1,1.914141414
1,88,Female,18,White,ba_tj,0.5,0.5,1,0,0.5,0,5,6,4,5,3.055555556
1,89,Female,18,White,bp_ts,0.25,0.25,0.25,0,1,0,5,4,3,3,1.823232323
1,90,Female,21,White,bp_rec,0.5,0.5,1,0.5,0,0,2,3,2,5,2.823232323
1,91,Male,18,Asian,ba_rec,0,0,0,0,0.27,0,3,3,4,4,3.222222222
1,92,Female,18,White,ba_ts,0.25,0.25,0,0.25,0.25,0.25,3,2,2,3,3.02020202
1,93,Female,18,Hispanic,ba_tj,1,0.5,1,1,0.17,0.17,2,2,1,1,1.595959596
1,94,Female,21,Black/African American,ba_ts,1,1,1,1,1,1,4,4,2,1,2.217171717
1,95,Female,18,White,bp_tj,0,0,0,0,0,0,4,4,1,1,3.398989899
1,96,Male,19,White,bp_ts,0.25,0.25,0.25,0.25,0.17,0.17,3,2,1,1,2.193939394
1,97,Female,19,White,ba_rec,0.5,0.25,0.17,0.17,1,1,5,3,1,1,2.51010101
1,98,Female,18,White,bp_rec,0,0,0,0,0,0,4,1,1,1,3.186868687
1,99,Female,18,Other,bp_tj,0.5,0.5,0.5,0.5,0.17,0.17,2,2,1,1,2.722222222
1,100,Female,18,White,ba_ts,1,1,1,1,1,1,2,2,2,2,2.418181818
1,101,Female,20,White,bp_ts,1,1,0.5,1,0,1,3,3,1,1,2.242424242
1,102,Female,19,White,ba_tj,0,0.25,0,0,0.17,0,3,3,3,1,2.070707071
1,103,Female,19,"1,2",bp_rec,0.5,0,0,0,1,0,4,4,1,1,2.656565657
1,104,Female,21,White,ba_rec,0.25,0.17,0.17,0,0,0,5,5,1,1,3.101010101
1,105,Female,19,Black/African American,ba_ts,0,0,0,1,0,0,4,4,5,3,3.45959596
1,106,Male,18,White,bp_rec,0.25,0,0,0,0,0,4,4,1,1,2.262626263
1,107,Male,19,White,bp_tj,1,1,2.17,0.17,2.17,0,3,2,3,3,2.035353535
1,108,Male,19,Asian,ba_rec,1,1,1,1,0,0,2,4,1,5,4.323232323
1,109,Male,20,Black/African American,ba_tj,0.25,0,0.25,0,0.5,0,3,4,2,1,3.308080808
1,110,Female,21,White,bp_ts,0.5,0.5,0,0.5,0.17,0.17,5,4,3,1,2.343434343
1,111,Female,19,White,bp_ts,0.25,0,1,0,0.17,0.19,2,3,1,1,3.368686869
1,112,Female,19,"1,2",ba_ts,1,0.5,0.25,0.5,0,1,5,3,1,1,2.454545455
1,113,Male,20,White,bp_rec,0.5,0,1,0,0,0.5,4,4,3,2,3.898989899
1,114,Female,22,"1,3",bp_tj,0.17,0.17,0.17,0.17,0.17,0.17,2,2,1,1,2.161616162
1,115,Female,17,White,ba_tj,0.5,0,0.5,0.5,0.75,0.75,5,2,3,2,2.843434343
1,116,Male,19,White,ba_rec,1,0.5,0.77,0.77,0.77,0,4,5,3,1,3.449494949
1,117,Female,22,Other,bp_tj,0.5,0.5,2,0.5,2,1,4,3,2,1,2.449494949
1,118,Female,18,White,bp_ts,2,2,2,2,2,2,1,2,1,1,2.434343434
1,119,Female,19,Black/African American,bp_rec,NA,0,0,0,0,0,4,4,1,1,2.166666667
1,120,Female,18,"1,2",ba_rec,3,0.25,3,1,3,0,5,3,3,1,3.797979798
1,121,Female,18,White,ba_tj,1,1,1,1,1,1,4,3,2,2,2.343434343
1,122,Female,18,White,ba_ts,1,1,2,0,1,0,5,4,1,2,2.924242424
1,123,Male,18,Hispanic,bp_rec,1,NA,1.17,0,3,1.17,1,4,1,3,2.803030303
1,124,Female,18,White,ba_ts,0,0.5,0.75,0.5,0.27,0.27,1,1,1,1,2.843434343
1,125,Female,18,White,bp_ts,1,1,1,1,1,1,2,1,2,1,1.055555556
1,126,Female,18,White,ba_rec,0,0,0,0,0,0,3,3,1,1,2.242424242
1,127,Female,19,White,ba_tj,1,1,1,0,0,2,4,2,3,1,2.641414141
1,128,Male,18,"1,6",bp_tj,1,0,1,1,1,1,4,5,1,3,2.222222222
1,129,Female,21,White,bp_tj,0.5,0.25,1,1,1,0,4,4,3,4,2.282828283
1,130,Male,20,Hispanic,ba_rec,2,1,2,1,2,0,2,5,3,4,3.035353535
1,131,Female,18,White,ba_tj,2,0,2,0,1.17,1.17,4,4,1,1,3.095959596
1,132,Female,19,White,bp_rec,0.25,0.25,0.17,0,0.17,0.17,3,2,1,1,3.292929293
1,133,Female,18,Hispanic,bp_ts,0.25,0.25,0.25,0,0.17,0.17,2,1,1,1,2.727272727
1,134,Female,19,"1,4",ba_ts,1,1,1,1,0,1,5,2,2,1,1.833333333
1,135,Female,21,White,ba_tj,0.25,0,0,0,0.17,0.26,3,3,3,3,2.474747475
1,136,Female,18,White,ba_rec,0.25,0,0,0,0,0,4,4,5,3,3.080808081
1,137,Female,22,Hispanic,bp_ts,1,0,1,0,0,0,4,4,2,1,3.095959596
1,138,Female,19,White,bp_rec,0,0,0,0,0,0,5,5,1,1,3.515151515
1,139,Female,19,"1,2",bp_tj,0,0,0,0,0,0,3,2,1,1,2.54040404
1,140,Female,18,Hispanic,ba_ts,0,0,0,0,0,0,4,4,3,1,1.671717172
1,141,Male,19,Hispanic,ba_ts,0,0,0,0,0,0,4,4,3,1,3.136363636
1,142,Female,18,White,bp_ts,0,0,0,0,0.17,0.17,4,4,1,1,3.217171717
1,143,Female,21,White,bp_rec,0.5,NA,0,0,0,0,2,3,3,3,2.106060606
1,144,Female,17,Other,ba_rec,0.5,0.25,0.5,0.5,0,0,6,2,1,1,2.560606061
1,145,Male,18,White,bp_tj,0.5,0,1,0,0.17,0.17,5,4,1,1,3.060606061
1,146,Female,19,White,bp_ts,0.5,0.5,0.5,0.5,0.27,0.27,1,4,1,4,3.454545455
1,147,Female,21,Asian,ba_tj,1,0,1,0,1,0.25,4,4,2,1,2.646464646
1,148,Female,19,White,ba_tj,0.25,0.25,1,0.17,0,0,4,4,3,5,1.98989899
1,149,Female,18,White,bp_tj,0.5,0,0,0,0,0,2,2,3,1,2.732323232
1,150,Male,19,Asian,ba_ts,0.5,1,1,1,0,0,2,5,1,5,2.055555556
1,151,Male,NA,White,ba_rec,0.17,0,0.17,0,0,0,5,3,3,1,3.121212121
1,152,Female,18,White,bp_rec,0.5,0.25,1,0.17,0.17,0,2,5,1,3,2.227272727
1,153,Female,18,White,ba_tj,1,0.17,1,0.17,1,0.83,4,4,1,1,2.898989899
1,154,Female,18,White,ba_ts,1,0.5,1,0.6,0,0,3,4,1,3,2.085858586
1,155,Female,19,White,bp_rec,0.5,0.5,1,1,1,1,3,3,3,3,2.666666667
1,156,Female,20,White,ba_rec,0,0,0,0,0.17,0.17,4,4,1,1,3.085858586
1,157,Female,20,White,bp_ts,0.25,0,0.25,0,0.17,0,2,3,1,1,2.419191919
1,158,Female,19,White,bp_tj,NA,0.25,0,0,0,0,4,4,1,1,2.272727273
1,159,Female,19,White,bp_tj,0,0,0,0,0,0,4,4,5,1,2.5
1,160,Female,20,White,ba_rec,1,0,1,0,1,1,4,2,3,3,2.782828283
1,161,Female,21,White,ba_tj,1,1,1,1,1,1,1,3,3,3,2.116161616
1,162,Female,19,White,bp_ts,0,0,0,0,0.17,0.17,5,1,3,1,2.505050505
1,163,Male,25,"1,2",bp_rec,0,0,0,0,0.17,0.17,4,3,3,3,2.898989899
1,164,Female,20,White,ba_ts,1,1,0,1,0.5,0.5,5,1,5,1,2.727272727
1,165,Female,19,Hispanic,bp_rec,0,1,0,1,0,0,5,6,4,5,3.414141414
1,166,Female,21,Other,ba_tj,0.5,0.25,1,0,0,0,4,4,3,3,3.484848485
1,167,Female,20,White,ba_ts,0.5,0.5,0.5,0.5,0,0,2,5,1,5,3.252525253
1,168,Female,18,White,bp_ts,1,1,1,1,1,1,1,1,1,1,2.843434343
1,169,Female,18,White,ba_rec,0.25,0.25,0,0,1,1,4,3,4,1,1.717171717
1,170,Female,18,White,bp_tj,1,0.25,2,0.25,1.45,0,5,5,1,1,2.02020202
1,171,Female,19,White,ba_rec,0.25,0.25,0,0,0.17,0.17,6,5,5,5,2.838383838
1,172,Female,20,White,ba_tj,1,1,1.17,1.17,1.17,1.17,5,5,1,1,3.04040404
1,173,Male,19,White,bp_tj,1,1,0.17,0.17,0.17,0.17,4,3,1,4,2.843434343
1,174,Female,19,White,bp_ts,0.25,0.25,0.17,0.17,0.17,0.25,3,4,1,1,2.525252525
1,175,Female,19,White,bp_rec,0.25,0.25,0,0,0,0,3,5,1,1,1.888888889
1,176,Female,19,White,ba_ts,0,0,0,0,0.17,0.17,3,3,4,1,2.803030303
1,177,Female,21,White,ba_tj,0,0,0,0,0,0,4,2,5,1,2.570707071
1,178,Male,19,White,bp_tj,1,1,1,1,1,1,3,2,1,1,2.898989899
1,179,Male,19,White,ba_rec,1,0,1,1,0,0,4,3,1,1,2.51010101
1,180,Female,20,Hispanic,bp_ts,1.17,0.25,1.17,0,1.17,0,3,2,1,3,3.666666667
1,181,Male,18,White,ba_ts,0.5,0,0.25,0,0.5,0,3,2,5,2,2.565656566
1,182,Male,18,White,bp_rec,0.25,0,0.17,0,0.17,0.17,5,1,3,1,2.46969697
1,183,Female,20,White,bp_rec,0,0.5,1,0,0.25,0.5,5,4,3,3,2.994949495
1,184,Male,18,White,ba_rec,0.25,0.25,1,0.17,0.17,1,3,2,1,2,2.712121212
1,185,Female,18,White,bp_tj,0.5,0.25,0,0.25,0.5,0,2,5,1,1,2.232323232
1,186,Male,20,White,ba_tj,0.25,0,0,0,0,0,7,4,4,1,3.212121212
1,187,Female,NA,White,ba_ts,1,0,1,0,1,0,4,4,4,1,2.681818182
1,188,Male,18,White,bp_ts,0.5,0.5,0.5,0.5,0.5,0.5,2,2,3,1,3.055555556
1,189,Female,18,White,bp_rec,0.25,0,0,0,0.17,0.17,2,2,1,1,2.903030303
1,190,Female,18,White,ba_ts,1,0.25,1,0.5,1,0.5,5,5,3,3,2.388888889
1,191,Female,18,Hispanic,ba_tj,0,0.25,0,0,0,0,2,2,3,1,3.101010101
1,192,Female,21,White,bp_ts,0.5,0,0,0.5,0,0,5,3,3,1,2.624242424
1,193,Female,20,White,ba_rec,1,1,1,1,1.17,1.17,4,1,3,1,2.47979798
1,194,Female,21,White,bp_tj,1,1,1,1,1,1,4,3,3,1,2.075757576
1,195,Female,18,White,ba_rec,0.25,0,0.17,0.17,0.32,0.17,3,3,2,1,2.363636364
1,196,Female,18,White,ba_tj,0.5,0,1,0,1,1,3,2,1,1,2.494949495
1,197,Male,20,White,bp_tj,1,0.5,1,0.5,1.17,0.17,4,5,1,5,2.898989899
1,198,Female,20,American Indian/Alaskan Native,bp_rec,0,0,0,0,0.35,0,4,3,3,1,2.222222222
1,199,Female,18,White,bp_ts,0,0,0,0,0,0,4,4,3,1,2.939393939
1,200,Female,19,White,ba_ts,1,0.5,1,0.5,1,0.5,4,4,1,1,2.924242424
1,201,Male,20,White,ba_ts,0.25,0,0.25,0,0.17,0,5,5,1,1,3.237373737
1,202,Female,21,White,bp_rec,1,1,1,1,1,1,3,3,1,1,2.494949495
1,203,Male,18,Hispanic,bp_ts,0.5,0.1,0.5,0.1,0.5,0.1,3,2,1,1,3.707070707
1,204,Female,21,White,ba_tj,0.25,0.25,0,0,0.17,0.17,3,3,1,1,2.232323232
1,205,Female,21,White,ba_rec,0,0,0,0,0.25,0,5,2,5,1,2.702020202
1,206,Female,18,White,bp_tj,1,0.5,0,1,1,0,4,3,1,3,3.494949495
1,207,Male,19,White,ba_ts,1,0.5,0.5,0.5,0.5,0.25,2,2,2,3,2.267676768
1,208,Female,19,White,ba_tj,1,1,1,1,1,1,3,3,3,3,1.878787879
1,209,Female,18,White,bp_tj,0,0,0,0,0,0,4,4,1,1,2.409090909
1,210,Male,19,White,bp_ts,0,0.25,0,0,0,0,4,3,3,1,2.373737374
1,211,Female,20,White,ba_rec,0.25,0.25,0,0,0,0,3,3,1,1,2.772727273
1,212,Male,18,White,bp_rec,0.25,0.25,0.17,0,1.17,0.25,2,3,1,1,3.742424242
1,213,Male,20,White,bp_ts,0.5,0,0,0,0,0,5,NA,3,NA,3.126262626
1,214,Female,19,White,ba_rec,0.25,0,0,0,0.17,0.17,4,2,1,1,1.737373737
1,215,Female,19,White,bp_tj,1,1,1,0,1,1,2,4,1,1,2.883838384
1,216,Female,19,White,ba_tj,0.25,0.25,0.17,0.17,0.17,0.17,4,4,1,1,1.651515152
1,217,Male,21,"1,5",bp_rec,0.25,0,0,0,0.17,0,3,4,1,1,3.439393939
1,218,Male,18,White,bp_ts,0,0,0,0,0,0,4,4,1,1,3.439393939
1,219,Female,18,American Indian/Alaskan Native,bp_tj,NA,NA,0,0,0,0,4,4,1,1,2.95959596
1,220,Female,24,White,ba_ts,0.5,0.25,1,0.5,0.5,0,3,3,5,5,4.378787879
1,221,Male,21,Asian,bp_rec,1,1,1,1,1,0,4,4,1,1,3.065656566
1,222,Female,19,White,ba_rec,0.5,0,0,0,0,0,4,3,3,1,3.186868687
1,223,Female,18,White,ba_tj,0,0,0,0,0.17,0.17,4,4,5,5,2.737373737
1,224,Female,20,White,ba_rec,0,0,0.75,1,1,0,5,3,1,1,3.136363636
1,225,Female,19,White,ba_ts,0.5,0.5,1,0,1,1,1,4,3,2,1.904040404
1,226,Female,19,White,ba_tj,0,0.25,0,0,1.5,1,5,4,1,1,2.737373737
1,227,Male,19,Black/African American,ba_ts,0.5,0.5,0.5,0.5,1,1,2,2,1,1,2.287878788
1,228,Female,20,White,bp_tj,1,0.5,0.5,0.25,1,0.5,5,2,1,1,2.121212121
1,229,Male,18,White,bp_rec,1,1,1,0.5,1,1,4,4,4,5,2.893939394
1,230,Female,18,Asian,bp_ts,1,0,1,0,0,0,3,2,3,1,1.98989899
1,231,Male,18,White,bp_tj,1,1,1.17,1.17,0.17,1.17,4,4,1,1,3.924242424
1,232,Female,18,White,bp_ts,1,1,0,0,0,0,4,3,3,1,3.272727273
1,233,Male,19,White,bp_rec,1,1,1,1,1,0,2,2,3,1,2.828282828
1,234,Female,18,White,ba_tj,0.5,1,1,0.5,1,1,3,4,3,3,2.383838384
1,235,Female,18,White,ba_ts,0.5,0.5,1,0.5,0.5,0.5,1,1,1,1,2.641414141
1,236,Female,22,Hispanic,ba_rec,1,0.5,1,0.5,1,1,5,4,4,1,3.282828283
2,1,Female,31,Black/African American,bp_rec,NA,NA,NA,NA,NA,NA,4,3,5,5,4.141414141
2,2,Male,36,White,bp_ts,0,NA,NA,NA,NA,NA,3,5,2,2,4
2,3,Female,69,White,ba_ts,NA,0.5,NA,NA,NA,NA,3,4,3,1,3
2,4,Female,33,White,bp_rec,NA,NA,NA,NA,NA,NA,4,4,1,1,3.181818182
2,5,Male,34,White,bp_ts,0,NA,NA,NA,NA,NA,7,7,5,5,2.515151515
2,6,Male,27,"1,3,7",ba_rec,NA,NA,NA,0.57,NA,NA,4,4,1,1,1.621212121
2,7,Female,43,White,ba_tj,NA,NA,NA,NA,NA,1,5,4,1,1,3.904040404
2,8,Female,32,Black/African American,bp_tj,NA,NA,NA,NA,NA,NA,4,2,1,3,4.323232323
2,10,Female,40,White,bp_rec,NA,NA,1,NA,NA,NA,5,2,1,1,2.338383838
2,11,Female,59,White,ba_rec,NA,NA,NA,NA,NA,NA,7,4,1,1,5.202020202
2,13,Female,25,Asian,bp_ts,0.5,NA,NA,NA,NA,NA,5,2,3,1,2.151515152
2,14,Male,69,White,ba_tj,NA,NA,NA,NA,NA,0.5,5,5,3,3,2.404040404
2,15,Female,37,White,ba_tj,NA,NA,NA,NA,NA,1,3,3,3,3,2.676767677
2,16,Female,18,White,ba_rec,NA,NA,NA,NA,NA,NA,5,2,5,1,4.333333333
2,17,Male,58,White,ba_rec,NA,NA,NA,0,NA,NA,7,4,5,1,3.015151515
2,18,Male,26,Asian,bp_ts,1,NA,NA,NA,NA,NA,1,1,1,1,3.287878788
2,19,Female,47,White,ba_tj,NA,NA,NA,NA,NA,1,4,4,1,1,3.48989899
2,21,Male,34,White,ba_rec,NA,NA,NA,0.17,NA,NA,2,2,1,1,2.606060606
2,22,Female,49,White,ba_ts,NA,0,NA,NA,NA,NA,7,7,5,5,3.550505051
2,23,Male,30,White,bp_tj,NA,NA,NA,NA,0.5,NA,2,6,1,4,2.727272727
2,24,Female,29,White,ba_ts,NA,0.25,NA,NA,NA,NA,2,2,2,3,2.565656566
2,25,Male,69,White,bp_rec,NA,NA,1,NA,NA,NA,5,3,4,1,3.621212121
2,26,Male,38,White,bp_rec,NA,NA,0.76,NA,NA,NA,4,4,1,1,2.525252525
2,27,Female,39,White,ba_rec,NA,NA,NA,NA,NA,NA,4,4,1,1,3.5
2,28,Female,28,White,ba_tj,NA,NA,NA,NA,NA,2.17,1,1,1,1,2.348484848
2,29,Female,55,White,ba_rec,NA,NA,NA,0,NA,NA,4,1,1,1,2.97979798
2,30,Male,61,White,bp_tj,NA,NA,NA,NA,NA,NA,5,7,1,5,3.343434343
2,31,Male,56,White,bp_ts,1,NA,NA,NA,NA,NA,4,6,1,1,3.96969697
2,32,Male,26,Black/African American,bp_rec,NA,NA,0.53,NA,NA,NA,2,2,2,2,2.934343434
2,33,Female,24,Hispanic,bp_tj,NA,NA,NA,NA,1,NA,6,2,4,1,3.818181818
2,34,Male,55,Black/African American,bp_rec,NA,NA,2,NA,NA,NA,2,2,1,1,2.767676768
2,35,Male,31,White,bp_tj,NA,NA,NA,NA,NA,NA,3,4,1,3,2.585858586
2,36,Male,47,Asian,ba_tj,NA,NA,NA,NA,NA,0.5,4,2,1,1,3.656565657
2,37,Male,48,Black/African American,ba_rec,NA,NA,NA,NA,NA,NA,4,3,1,1,2.570707071
2,38,Female,37,White,ba_tj,NA,NA,NA,NA,NA,0.17,1,3,1,1,2.994949495
2,39,Male,49,White,ba_rec,NA,NA,NA,1,NA,NA,2,3,1,1,2.777777778
2,41,Male,38,White,ba_ts,NA,0.5,NA,NA,NA,NA,4,5,1,1,2.813131313
2,42,Male,33,Hispanic,ba_tj,NA,NA,NA,NA,NA,1,6,4,4,1,2.95959596
2,43,Female,28,Asian,bp_ts,0.25,NA,NA,NA,NA,NA,3,3,1,1,3.742424242
2,44,Male,41,White,ba_rec,NA,NA,NA,0.67,NA,NA,2,2,1,3,2.994949495
2,46,Male,31,Asian,bp_tj,NA,NA,NA,NA,NA,NA,6,3,4,3,2.747474747
2,47,Male,39,White,bp_rec,NA,NA,1,NA,NA,NA,6,5,1,1,3.318181818
2,48,Male,38,White,bp_tj,NA,NA,NA,NA,NA,NA,4,4,1,5,3.363636364
2,49,Male,38,White,bp_tj,NA,NA,NA,NA,NA,NA,4,4,1,1,3.772727273
2,50,Male,37,White,bp_rec,NA,NA,1,NA,NA,NA,2,3,3,4,3.575757576
2,51,Female,57,White,ba_rec,NA,NA,NA,1.17,NA,NA,1,1,1,1,1.570707071
2,52,Female,69,White,ba_rec,NA,NA,NA,0.42,NA,NA,5,4,1,1,2.51010101
2,53,Female,48,"1,3",bp_ts,0.17,NA,NA,NA,NA,NA,4,6,3,1,3.358585859
2,54,Male,34,Black/African American,bp_ts,0.25,NA,NA,NA,NA,NA,1,1,1,1,3.186868687
2,55,Female,49,White,bp_ts,0.5,NA,NA,NA,NA,NA,4,4,3,4,3.550505051
2,56,Female,65,White,ba_ts,NA,0.5,NA,NA,NA,NA,6,2,4,1,2.378787879
2,57,Female,62,White,bp_rec,NA,NA,1,NA,NA,NA,3,3,1,1,2.131313131
2,58,Male,39,White,bp_ts,0.5,NA,NA,NA,NA,NA,5,5,1,1,3.994949495
2,59,Male,42,White,bp_rec,NA,NA,0.75,NA,NA,NA,2,2,1,1,1.742424242
2,60,Female,55,White,ba_rec,NA,NA,NA,NA,NA,NA,4,4,4,3,2.404040404
2,61,Female,56,White,ba_rec,NA,NA,NA,NA,NA,NA,5,6,1,3,2.818181818
2,62,Male,41,White,ba_ts,NA,0.67,NA,NA,NA,NA,4,4,1,1,2.898989899
2,63,Male,32,White,ba_tj,NA,NA,NA,NA,NA,1,2,2,1,1,3.085858586
2,64,Male,34,"1,5",ba_ts,NA,0.5,NA,NA,NA,NA,4,4,1,1,2.242424242
2,66,Female,45,White,bp_tj,NA,NA,NA,NA,0.17,NA,2,4,3,5,3.02020202
2,67,Female,25,"1,5",ba_tj,NA,NA,NA,NA,NA,1.17,4,4,1,1,4.207070707
2,68,Male,31,White,bp_ts,0,NA,NA,NA,NA,NA,3,2,1,1,2.777777778
2,69,Female,38,Hispanic,bp_ts,1,NA,NA,NA,NA,NA,3,2,1,1,2.560606061
2,70,Male,36,White,bp_tj,NA,NA,NA,NA,1.17,NA,1,1,1,1,2.45959596
2,72,Female,25,Black/African American,ba_tj,NA,NA,NA,NA,NA,0.5,1,1,1,1,3.47979798
2,73,Female,NA,Black/African American,ba_ts,NA,0.25,NA,NA,NA,NA,4,4,2,3,3.707070707
2,74,Male,25,White,ba_rec,NA,NA,NA,60,NA,NA,1,1,2,2,4.055555556
2,75,Female,29,White,ba_tj,NA,NA,NA,NA,NA,NA,4,2,1,1,3.181818182
2,76,Male,33,Black/African American,bp_rec,NA,NA,0.75,NA,NA,NA,4,5,1,4,4.580808081
2,78,Male,34,Hispanic,bp_rec,NA,NA,1.5,NA,NA,NA,1,1,1,1,2.313131313
2,81,Male,44,White,bp_ts,0,NA,NA,NA,NA,NA,7,2,3,1,2.01010101
2,83,Male,36,Asian,bp_tj,NA,NA,NA,NA,NA,NA,4,4,1,1,3.828282828
2,84,Male,36,"1,5,6",ba_tj,NA,NA,NA,NA,NA,1,2,2,1,1,2.277777778
2,86,Male,26,Asian,ba_ts,NA,1,NA,NA,NA,NA,1,1,1,1,3.96969697
2,87,Male,55,White,bp_tj,NA,NA,NA,NA,0,NA,7,7,5,5,4.611111111
2,88,Female,37,White,bp_rec,NA,NA,0.17,NA,NA,NA,6,5,1,1,3.212121212
2,89,Female,68,White,bp_tj,NA,NA,NA,NA,0.5,NA,5,5,1,1,2.262626263
2,94,Male,31,White,bp_tj,NA,NA,NA,NA,1.17,NA,2,3,2,3,4.080808081
2,96,Male,39,White,bp_rec,NA,NA,NA,NA,NA,NA,4,3,3,2,4.277777778
2,97,Male,33,White,bp_tj,NA,NA,NA,NA,NA,NA,3,2,1,1,3.101010101
2,98,Female,53,White,ba_rec,NA,NA,NA,0.5,NA,NA,3,2,1,1,3.636363636
2,99,Female,60,White,bp_tj,NA,NA,NA,NA,0.17,NA,4,4,1,1,3.055555556
2,100,Other,34,Asian,bp_ts,1,NA,NA,NA,NA,NA,4,4,1,1,4.747474747
2,101,Female,44,White,ba_rec,NA,NA,NA,1,NA,NA,2,2,1,1,1.803030303
2,102,Male,53,White,ba_ts,NA,0.5,NA,NA,NA,NA,5,4,1,1,3.318181818
2,103,Male,55,White,bp_ts,1,NA,NA,NA,NA,NA,3,4,1,3,3.737373737
2,104,Female,33,Asian,bp_rec,NA,NA,NA,NA,NA,NA,4,1,2,1,2.944444444
2,105,Male,30,White,bp_tj,NA,NA,NA,NA,0.17,NA,2,3,1,2,4.212121212
2,106,Female,24,Asian,ba_ts,NA,0,NA,NA,NA,NA,7,1,5,1,1.904040404
2,107,Male,38,Asian,ba_ts,NA,0.5,NA,NA,NA,NA,5,2,4,1,2.601010101
2,108,Female,36,White,bp_ts,0.5,NA,NA,NA,NA,NA,1,1,3,2,3.666666667
2,109,Female,40,White,ba_tj,NA,NA,NA,NA,NA,NA,3,1,3,3,3.878787879
2,110,Male,29,Asian,ba_tj,NA,NA,NA,NA,NA,0.5,4,4,2,2,5.414141414
2,111,Male,26,White,ba_rec,NA,NA,NA,NA,NA,NA,3,4,2,1,3.505050505
2,112,Female,59,Asian,bp_ts,1,NA,NA,NA,NA,NA,1,4,1,3,2.51010101
2,114,Male,29,White,bp_tj,NA,NA,NA,NA,NA,NA,4,6,5,5,3.303030303
2,115,Female,67,White,ba_rec,NA,NA,NA,0.5,NA,NA,5,4,3,1,3.398989899
2,116,Male,38,White,ba_tj,NA,NA,NA,NA,NA,1,2,2,1,1,1.676767677
2,117,Female,36,"1,2",ba_rec,NA,NA,NA,NA,NA,NA,4,3,3,1,2.929292929
2,118,Male,43,White,ba_tj,NA,NA,NA,NA,NA,0.17,2,1,1,1,2.611111111
2,119,Male,32,White,bp_tj,NA,NA,NA,NA,NA,NA,4,3,3,2,2.818181818
2,120,Female,33,Hispanic,bp_ts,0.5,NA,NA,NA,NA,NA,3,2,2,3,3.888888889
2,121,Female,62,"1,4",ba_ts,NA,0,NA,NA,NA,NA,6,4,1,1,3.939393939
2,122,Male,19,"1,2",bp_rec,NA,NA,0.85,NA,NA,NA,4,4,2,1,2.550505051
2,124,Female,65,White,ba_rec,NA,NA,NA,NA,NA,NA,7,7,5,5,1.53030303
2,125,Male,41,Black/African American,ba_ts,NA,0.25,NA,NA,NA,NA,2,2,2,2,3.813131313
2,126,Male,56,White,ba_tj,NA,NA,NA,NA,NA,0.3,5,2,2,1,3.02020202
2,127,Male,39,White,bp_tj,NA,NA,NA,NA,1.17,NA,4,4,1,1,2.419191919
2,128,Female,37,White,ba_tj,NA,NA,NA,NA,NA,1,4,4,1,1,4.055555556
2,129,Female,56,Other,bp_rec,NA,NA,1,NA,NA,NA,4,4,1,3,3.732323232
2,130,Male,48,White,ba_tj,NA,NA,NA,NA,NA,1,4,3,1,1,3.085858586
2,131,Male,49,White,bp_ts,0.5,NA,NA,NA,NA,NA,3,3,3,3,3.434343434
2,133,Female,26,White,ba_rec,NA,NA,NA,1,NA,NA,5,3,3,1,2.868686869
2,135,Male,23,White,ba_tj,NA,NA,NA,NA,NA,0.17,4,4,1,1,2.823232323
2,136,Male,50,White,ba_rec,NA,NA,NA,0.6,NA,NA,3,6,3,5,5.52020202
2,137,Male,33,White,bp_tj,NA,NA,NA,NA,0.17,NA,4,4,1,1,3.727272727
2,138,Male,34,White,ba_tj,NA,NA,NA,NA,NA,NA,6,3,4,1,3.626262626
2,139,Male,54,White,bp_rec,NA,NA,0.75,NA,NA,NA,3,5,1,1,2.823232323
2,141,Female,27,White,bp_ts,1,NA,NA,NA,NA,NA,4,2,1,1,4.035353535
2,143,Male,32,White,bp_tj,NA,NA,NA,NA,1,NA,1,4,1,1,3.787878788
2,144,Female,28,White,ba_ts,NA,0.15,NA,NA,NA,NA,2,3,1,1,3.494949495
2,146,Male,29,White,ba_rec,NA,NA,NA,1.27,NA,NA,4,4,1,1,3.191919192
2,147,Female,33,White,bp_rec,NA,NA,1,NA,NA,NA,5,4,3,1,3.252525253
2,148,Male,28,Hispanic,bp_ts,1,NA,NA,NA,NA,NA,3,3,3,3,4.095959596
2,149,Female,57,White,bp_ts,0,NA,NA,NA,NA,NA,7,4,1,5,2.656565657
